RcpNo,RcpName,RcpTotalCalCat
I00001,蒜味香菇雞炊飯,951大卡以上
I00002,起司蛋捲,401-450大卡
I00003,一人份美味蒸蛋,151-200大卡
I00004,麻油雞油飯,951-大卡以上
I00005,嫩薑蒸鱈魚,151-200大卡
I00006,鹹豬肉炒高麗菜,351-400大卡
I00007,菠菜菇菇,151-200大卡
I00008,醬爆鮮蔬,101-150大卡
I00009,剝皮辣椒雞湯,951大卡以上
I00010,XO醬涼拌金針菇,201-250大卡
